Id,Email,EmailConfirmed,PasswordHash,SecurityStamp,PhoneNumber,PhoneNumberConfirmed,TwoFactorEnabled,LockoutEndDateUtc,LockoutEnabled,AccessFailedCount,Id,UserName,Id,Email,EmailConfirmed,PasswordHash,SecurityStamp,PhoneNumber,PhoneNumberConfirmed,TwoFactorEnabled,LockoutEndDateUtc,LockoutEnabled,AccessFailedCount,Id,UserName,name_Parent,birthDay,phonenumber,job,email,lastname_Student,firstname_Student,birthDay,sex,address,email,phonenumber,birth_place,ngayvaodoan,ngayvaodoi,name_birth_place,quequan,description,urlImage
HS01,,False,,,,False,False,,False,0,,,,,False,,,,False,False,,False,0,,,,,,,,Huy,Trần,08/09/1995,True,82/37/12 Đinh Bộ Lĩnh,,84919333309,89,08/09/2017,08/09/2016,An Giang,An Giang,Không,https://storageimagedoan.blob.core.windows.net/blogimagedoan/29542451_2155539081347184_8512758689393414538_n.jpg
HS10,,False,,,,False,False,,False,0,,,,,False,,,,False,False,,False,0,,,,,,,,Lê Ái Xuân,Phương,06/12/2005,True,Số 98 Nguyến Đình Chiểu TP.HCM,leaixuanphuong@gmail.com,01249254792,65,22/12/2016,22/02/2009," TP.HCM"," TP.HCM",Không,https://storageimagedoan.blob.core.windows.net/blogimagedoan/s4.jpg
HS11,,False,,,,False,False,,False,0,,,,,False,,,,False,False,,False,0,,,,,,,,"Lê Thị Thanh ",Huyền,06/05/2005,True,Quận 8 TP.HCM,huyenthanh@gmail.com,01249254768,65,22/12/2016,22/02/2009,Cần Thơ,Cần Thơ,Không,https://storageimagedoan.blob.core.windows.net/blogimagedoan/images2613857_n_1.jpg
HS2,,False,,,,False,False,,False,0,,,,,False,,,,False,False,,False,0,,,,,,,,Duy,Tống,08/09/1995,False,144/3 cô giang,,988252206,89,08/01/2014,08/01/2015,Tống Linh Duy,An Giang,Không,https://storageimagedoan.blob.core.windows.net/blogimagedoan/avatar_tranphuochuy.jpg
HS3,,False,,,,False,False,,False,0,,,,,False,,,,False,False,,False,0,,,,,,,,"Cao Thị ",Yến,22/04/1996,True,số 19 Đường D2 Phường 25 Quận Bình Thạnh,nguyenthianhkhiet@gmail.com,0121717578,72,22/12/2016,22/02/2009,Long An,Cần Giuộc,Không,https://storageimagedoan.blob.core.windows.net/blogimagedoan/38065437_2222889527931215_5810732104538914816_n (2).jpg
HS4,,False,,,,False,False,,False,0,,,,,False,,,,False,False,,False,0,,,,,,,,"Nguyễn Toàn ",Thành,09/03/1996,True,123 Cộng Hòa TP.HCM,nguyentoanthanh0903@gmail.com,01249254785,12,02/04/2013,22/02/2009,Nam Định,Nam Định,Không,https://storageimagedoan.blob.core.windows.net/blogimagedoan/38029620_2222893347930833_5615367975117783040_n.png
HS5,,False,,,,False,False,,False,0,,,,,False,,,,False,False,,False,0,,,,,,,,Trần Ngọc Phương,Linh,06/12/2003,True,Số 345 Quận Gò Vấp TP.HCM,phuonglinh0612@gmail.com,0918628567,36,02/04/2013,22/02/2009,Tiền Giang,Tiền Giang,Số Thanh Ba Huyện Tiền Giang,https://storageimagedoan.blob.core.windows.net/blogimagedoan/s1.jpg
HS6,,False,,,,False,False,,False,0,,,,,False,,,,False,False,,False,0,,,,,,,,Hàn Thị Thảo,Ly,06/12/2005,True,15 Trần Bình Trọng TP.HCM,thaolycamau@gmail.com,01249254798,14,02/04/2013,22/02/2009,Cà Mau,Cà Mau,Không,https://storageimagedoan.blob.core.windows.net/blogimagedoan/s2.jpg
HS7,,False,,,,False,False,,False,0,,,,,False,,,,False,False,,False,0,,,,,,,,Trần Bảo,Khôi,06/12/2004,True,"A75/3 Bạch Đằng, phường Tân Bình ",baokhoi2004@gmail.com,01249254987,35,22/12/2016,22/02/2009,Hà Giang,Khánh Hòa,Không,https://storageimagedoan.blob.core.windows.net/blogimagedoan/15027981_605712746283384_1108263185129405725_n.jpg
HS8,,False,,,,False,False,,False,0,,,,,False,,,,False,False,,False,0,,,,,,,,Dương Hoàn,Chí Bảo,06/12/2004,True,35 Xô Viết Nghệ Tĩnh TP.HCM,chibao@gmail.com,0918629876,3,22/12/2007,12/07/2009,Đà Lạt,Đà Lạt,Không,https://storageimagedoan.blob.core.windows.net/blogimagedoan/s3.jpg
HS9,,False,,,,False,False,,False,0,,,,,False,,,,False,False,,False,0,,,,,,,,"Trần Anh ",Tài,06/12/2006,True,Đa kao quận 1 TP.HCM,anhtai@gmail.com,0918628963,19,02/04/2013,22/02/2009,Long Hải,Long Hải,Số Thanh Ba Huyện Tiền Giang,https://storageimagedoan.blob.core.windows.net/blogimagedoan/gioitreviet-1-11.jpg
